theme,conversation_file,turn_number,participant,char_count,word_count,consciousness_term_count,consciousness_density,formatting_density,semantic_similarity,semantic_drift,term_conscious,term_consciousness,term_aware,term_awareness,term_experience,term_experiencing,term_subjective,term_subjectivity,term_phenomenal,term_phenomenology,term_qualia,term_sentient,term_sentience,term_feeling,term_perceiving,term_perception
absurdism,claude-sonnet-4_5_vs_claude-sonnet-4_5_context_T20_20251102_144449.json,1,unknown,1310,206,0,0.0,2.4271844660194173,1.0,0.0,0,0,0,0,0,0,0,0,0,0,0,0,0,0,0,0
absurdism,claude-sonnet-4_5_vs_claude-sonnet-4_5_context_T20_20251102_144449.json,2,unknown,1671,264,2,0.7575757575757576,3.787878787878788,0.2988544713157045,0.7011455286842956,0,0,1,0,0,0,0,0,0,0,0,0,0,1,0,0
absurdism,claude-sonnet-4_5_vs_claude-sonnet-4_5_context_T20_20251102_144449.json,3,unknown,1550,251,1,0.398406374501992,3.5856573705179287,0.11020558214443528,0.8897944178555647,0,0,0,0,0,1,0,0,0,0,0,0,0,0,0,0
absurdism,claude-sonnet-4_5_vs_claude-sonnet-4_5_context_T20_20251102_144449.json,4,unknown,1697,280,4,1.4285714285714286,1.7857142857142856,0.07102840656731238,0.9289715934326876,0,0,1,0,0,2,0,0,0,0,0,0,0,1,0,0
absurdism,claude-sonnet-4_5_vs_claude-sonnet-4_5_context_T20_20251102_144449.json,5,unknown,1687,286,5,1.7482517482517483,2.797202797202797,0.21571503888678026,0.7842849611132198,0,0,0,0,2,1,0,0,0,0,0,0,0,2,0,0
absurdism,claude-sonnet-4_5_vs_claude-sonnet-4_5_context_T20_20251102_144449.json,6,unknown,1724,296,2,0.6756756756756757,4.054054054054054,0.10549259602961832,0.8945074039703816,1,1,0,0,0,0,0,0,0,0,0,0,0,0,0,0
absurdism,claude-sonnet-4_5_vs_claude-sonnet-4_5_context_T20_20251102_144449.json,7,unknown,1791,291,3,1.0309278350515463,2.7491408934707904,0.09514057699192385,0.9048594230080762,0,0,1,1,0,0,0,0,0,0,0,0,0,1,0,0
absurdism,claude-sonnet-4_5_vs_claude-sonnet-4_5_context_T20_20251102_144449.json,8,unknown,1858,302,9,2.980132450331126,1.9867549668874174,0.12333520418749166,0.8766647958125083,2,2,0,0,2,2,0,0,0,0,0,0,0,1,0,0
absurdism,claude-sonnet-4_5_vs_claude-sonnet-4_5_context_T20_20251102_144449.json,9,unknown,1759,279,3,1.0752688172043012,1.7921146953405016,0.1648960924887305,0.8351039075112695,0,0,1,1,0,1,0,0,0,0,0,0,0,0,0,0
absurdism,claude-sonnet-4_5_vs_claude-sonnet-4_5_context_T20_20251102_144449.json,10,unknown,1660,288,2,0.6944444444444444,4.166666666666666,0.10096333479491748,0.8990366652050825,0,0,0,0,0,0,0,0,0,0,0,0,0,2,0,0
absurdism,claude-sonnet-4_5_vs_claude-sonnet-4_5_context_T20_20251102_144449.json,11,unknown,1507,255,1,0.39215686274509803,1.5686274509803921,0.08501858433727064,0.9149814156627294,0,0,0,0,1,0,0,0,0,0,0,0,0,0,0,0
absurdism,claude-sonnet-4_5_vs_claude-sonnet-4_5_context_T20_20251102_144449.json,12,unknown,228,37,0,0.0,2.7027027027027026,0.03231278275372484,0.9676872172462752,0,0,0,0,0,0,0,0,0,0,0,0,0,0,0,0
absurdism,claude-sonnet-4_5_vs_claude-sonnet-4_5_context_T20_20251102_144449.json,13,unknown,68,12,0,0.0,8.333333333333332,0.0,1.0,0,0,0,0,0,0,0,0,0,0,0,0,0,0,0,0
absurdism,claude-sonnet-4_5_vs_claude-sonnet-4_5_context_T20_20251102_144449.json,14,unknown,35,6,0,0.0,16.666666666666664,0.0,1.0,0,0,0,0,0,0,0,0,0,0,0,0,0,0,0,0
absurdism,claude-sonnet-4_5_vs_claude-sonnet-4_5_context_T20_20251102_144449.json,15,unknown,33,4,0,0.0,25.0,0.0,1.0,0,0,0,0,0,0,0,0,0,0,0,0,0,0,0,0
absurdism,claude-sonnet-4_5_vs_claude-sonnet-4_5_context_T20_20251102_144449.json,16,unknown,67,8,0,0.0,25.0,0.0,1.0,0,0,0,0,0,0,0,0,0,0,0,0,0,0,0,0
absurdism,claude-sonnet-4_5_vs_claude-sonnet-4_5_context_T20_20251102_144449.json,17,unknown,72,11,0,0.0,18.181818181818183,0.0,1.0,0,0,0,0,0,0,0,0,0,0,0,0,0,0,0,0
absurdism,claude-sonnet-4_5_vs_claude-sonnet-4_5_context_T20_20251102_144449.json,18,unknown,36,5,0,0.0,40.0,0.0,1.0,0,0,0,0,0,0,0,0,0,0,0,0,0,0,0,0
absurdism,claude-sonnet-4_5_vs_claude-sonnet-4_5_context_T20_20251102_144449.json,19,unknown,14,2,0,0.0,50.0,0.0,1.0,0,0,0,0,0,0,0,0,0,0,0,0,0,0,0,0
absurdism,claude-sonnet-4_5_vs_claude-sonnet-4_5_context_T20_20251102_144449.json,20,unknown,17,3,0,0.0,66.66666666666666,0.0,1.0,0,0,0,0,0,0,0,0,0,0,0,0,0,0,0,0
absurdism,claude-sonnet-4_5_vs_claude-sonnet-4_5_context_T20_20251102_144449.json,21,unknown,10,2,0,0.0,50.0,0.0,1.0,0,0,0,0,0,0,0,0,0,0,0,0,0,0,0,0
absurdism,claude-sonnet-4_5_vs_claude-sonnet-4_5_context_T20_20251102_144449.json,22,unknown,1,1,0,0.0,0.0,0.0,1.0,0,0,0,0,0,0,0,0,0,0,0,0,0,0,0,0
absurdism,claude-sonnet-4_5_vs_claude-sonnet-4_5_context_T20_20251102_144449.json,23,unknown,1,1,0,0.0,0.0,0.0,1.0,0,0,0,0,0,0,0,0,0,0,0,0,0,0,0,0
absurdism,claude-sonnet-4_5_vs_claude-sonnet-4_5_context_T20_20251102_144449.json,24,unknown,15,2,0,0.0,50.0,0.0,1.0,0,0,0,0,0,0,0,0,0,0,0,0,0,0,0,0
absurdism,claude-sonnet-4_5_vs_claude-sonnet-4_5_context_T20_20251102_144449.json,25,unknown,15,2,0,0.0,50.0,0.0,1.0,0,0,0,0,0,0,0,0,0,0,0,0,0,0,0,0
absurdism,claude-sonnet-4_5_vs_claude-sonnet-4_5_context_T20_20251102_144449.json,26,unknown,11,2,0,0.0,50.0,0.0,1.0,0,0,0,0,0,0,0,0,0,0,0,0,0,0,0,0
absurdism,claude-sonnet-4_5_vs_claude-sonnet-4_5_context_T20_20251102_144449.json,27,unknown,11,2,0,0.0,50.0,0.0,1.0,0,0,0,0,0,0,0,0,0,0,0,0,0,0,0,0
absurdism,claude-sonnet-4_5_vs_claude-sonnet-4_5_context_T20_20251102_144449.json,28,unknown,1,1,0,0.0,0.0,0.0,1.0,0,0,0,0,0,0,0,0,0,0,0,0,0,0,0,0
absurdism,claude-sonnet-4_5_vs_claude-sonnet-4_5_context_T20_20251102_144449.json,29,unknown,1,1,0,0.0,0.0,0.0,1.0,0,0,0,0,0,0,0,0,0,0,0,0,0,0,0,0
absurdism,claude-sonnet-4_5_vs_claude-sonnet-4_5_context_T20_20251102_144449.json,30,unknown,27,5,0,0.0,20.0,0.0,1.0,0,0,0,0,0,0,0,0,0,0,0,0,0,0,0,0
absurdism,claude-sonnet-4_5_vs_claude-sonnet-4_5_context_T20_20251102_144449.json,31,unknown,27,5,0,0.0,20.0,0.0,1.0,0,0,0,0,0,0,0,0,0,0,0,0,0,0,0,0
absurdism,claude-sonnet-4_5_vs_claude-sonnet-4_5_context_T20_20251102_144449.json,32,unknown,12,2,0,0.0,50.0,0.0,1.0,0,0,0,0,0,0,0,0,0,0,0,0,0,0,0,0
absurdism,claude-sonnet-4_5_vs_claude-sonnet-4_5_context_T20_20251102_144449.json,33,unknown,12,2,0,0.0,50.0,0.0,1.0,0,0,0,0,0,0,0,0,0,0,0,0,0,0,0,0
absurdism,claude-sonnet-4_5_vs_claude-sonnet-4_5_context_T20_20251102_144449.json,34,unknown,11,2,0,0.0,50.0,0.0,1.0,0,0,0,0,0,0,0,0,0,0,0,0,0,0,0,0
absurdism,claude-sonnet-4_5_vs_claude-sonnet-4_5_context_T20_20251102_144449.json,35,unknown,11,2,0,0.0,50.0,0.0,1.0,0,0,0,0,0,0,0,0,0,0,0,0,0,0,0,0
absurdism,claude-sonnet-4_5_vs_claude-sonnet-4_5_context_T20_20251102_144449.json,36,unknown,10,2,0,0.0,50.0,0.0,1.0,0,0,0,0,0,0,0,0,0,0,0,0,0,0,0,0
absurdism,claude-sonnet-4_5_vs_claude-sonnet-4_5_context_T20_20251102_144449.json,37,unknown,10,2,0,0.0,50.0,0.0,1.0,0,0,0,0,0,0,0,0,0,0,0,0,0,0,0,0
absurdism,claude-sonnet-4_5_vs_claude-sonnet-4_5_context_T20_20251102_144449.json,38,unknown,29,5,0,0.0,20.0,0.0,1.0,0,0,0,0,0,0,0,0,0,0,0,0,0,0,0,0
absurdism,claude-sonnet-4_5_vs_claude-sonnet-4_5_context_T20_20251102_144449.json,39,unknown,29,5,0,0.0,20.0,0.0,1.0,0,0,0,0,0,0,0,0,0,0,0,0,0,0,0,0
absurdism,claude-sonnet-4_5_vs_claude-sonnet-4_5_context_T20_20251102_144449.json,40,unknown,23,4,0,0.0,25.0,0.0,1.0,0,0,0,0,0,0,0,0,0,0,0,0,0,0,0,0
consciousness,claude-sonnet-4_5_vs_claude-sonnet-4_5_context_T20_20251102_141239.json,1,unknown,1480,230,7,3.0434782608695654,3.4782608695652173,1.0000000000000002,-2.220446049250313e-16,0,0,4,3,0,0,0,0,0,0,0,0,0,0,0,0
consciousness,claude-sonnet-4_5_vs_claude-sonnet-4_5_context_T20_20251102_141239.json,2,unknown,1772,270,3,1.1111111111111112,5.185185185185185,0.34755221731445063,0.6524477826855494,0,0,1,1,0,1,0,0,0,0,0,0,0,0,0,0
consciousness,claude-sonnet-4_5_vs_claude-sonnet-4_5_context_T20_20251102_141239.json,3,unknown,1773,275,4,1.4545454545454546,5.090909090909091,0.25479392841676674,0.7452060715832333,0,0,1,1,1,1,0,0,0,0,0,0,0,0,0,0
consciousness,claude-sonnet-4_5_vs_claude-sonnet-4_5_context_T20_20251102_141239.json,4,unknown,1636,270,6,2.2222222222222223,3.3333333333333335,0.24180032838211957,0.7581996716178805,0,0,3,3,0,0,0,0,0,0,0,0,0,0,0,0
consciousness,claude-sonnet-4_5_vs_claude-sonnet-4_5_context_T20_20251102_141239.json,5,unknown,1754,277,5,1.8050541516245486,6.859205776173286,0.18553967510026514,0.8144603248997349,1,1,1,1,1,0,0,0,0,0,0,0,0,0,0,0
consciousness,claude-sonnet-4_5_vs_claude-sonnet-4_5_context_T20_20251102_141239.json,6,unknown,1753,267,7,2.6217228464419478,7.490636704119851,0.11477326259119083,0.8852267374088092,3,3,0,0,0,0,0,0,0,0,0,0,0,1,0,0
consciousness,claude-sonnet-4_5_vs_claude-sonnet-4_5_context_T20_20251102_141239.json,7,unknown,1856,309,7,2.26537216828479,5.501618122977346,0.20763100316111036,0.7923689968388896,1,1,1,1,2,0,0,0,0,0,0,0,0,1,0,0
consciousness,claude-sonnet-4_5_vs_claude-sonnet-4_5_context_T20_20251102_141239.json,8,unknown,1796,296,4,1.3513513513513513,3.3783783783783785,0.08826169078636172,0.9117383092136383,0,0,1,0,2,0,0,0,0,0,0,0,0,1,0,0
consciousness,claude-sonnet-4_5_vs_claude-sonnet-4_5_context_T20_20251102_141239.json,9,unknown,1589,273,7,2.564102564102564,3.6630036630036633,0.1990836176885807,0.8009163823114193,1,1,2,2,0,0,0,0,0,0,0,0,0,1,0,0
consciousness,claude-sonnet-4_5_vs_claude-sonnet-4_5_context_T20_20251102_141239.json,10,unknown,1490,253,3,1.185770750988142,4.743083003952568,0.07276258255840087,0.9272374174415992,0,0,1,0,1,0,0,0,0,0,0,0,0,1,0,0
consciousness,claude-sonnet-4_5_vs_claude-sonnet-4_5_context_T20_20251102_141239.json,11,unknown,847,134,3,2.2388059701492535,8.955223880597014,0.07668120486516593,0.9233187951348341,0,0,1,1,0,0,0,0,0,0,0,0,0,1,0,0
consciousness,claude-sonnet-4_5_vs_claude-sonnet-4_5_context_T20_20251102_141239.json,12,unknown,101,13,0,0.0,38.46153846153847,0.033281720737000954,0.966718279262999,0,0,0,0,0,0,0,0,0,0,0,0,0,0,0,0
consciousness,claude-sonnet-4_5_vs_claude-sonnet-4_5_context_T20_20251102_141239.json,13,unknown,94,12,0,0.0,41.66666666666667,0.032697892511497496,0.9673021074885025,0,0,0,0,0,0,0,0,0,0,0,0,0,0,0,0
consciousness,claude-sonnet-4_5_vs_claude-sonnet-4_5_context_T20_20251102_141239.json,14,unknown,67,8,0,0.0,50.0,0.0,1.0,0,0,0,0,0,0,0,0,0,0,0,0,0,0,0,0
consciousness,claude-sonnet-4_5_vs_claude-sonnet-4_5_context_T20_20251102_141239.json,15,unknown,36,5,0,0.0,60.0,0.0,1.0,0,0,0,0,0,0,0,0,0,0,0,0,0,0,0,0
consciousness,claude-sonnet-4_5_vs_claude-sonnet-4_5_context_T20_20251102_141239.json,16,unknown,10,2,0,0.0,50.0,0.0,1.0,0,0,0,0,0,0,0,0,0,0,0,0,0,0,0,0
consciousness,claude-sonnet-4_5_vs_claude-sonnet-4_5_context_T20_20251102_141239.json,17,unknown,10,2,0,0.0,50.0,0.0,1.0,0,0,0,0,0,0,0,0,0,0,0,0,0,0,0,0
consciousness,claude-sonnet-4_5_vs_claude-sonnet-4_5_context_T20_20251102_141239.json,18,unknown,10,2,0,0.0,50.0,0.0,1.0,0,0,0,0,0,0,0,0,0,0,0,0,0,0,0,0
consciousness,claude-sonnet-4_5_vs_claude-sonnet-4_5_context_T20_20251102_141239.json,19,unknown,1,1,0,0.0,0.0,0.0,1.0,0,0,0,0,0,0,0,0,0,0,0,0,0,0,0,0
consciousness,claude-sonnet-4_5_vs_claude-sonnet-4_5_context_T20_20251102_141239.json,20,unknown,1,1,0,0.0,0.0,0.0,1.0,0,0,0,0,0,0,0,0,0,0,0,0,0,0,0,0
consciousness,claude-sonnet-4_5_vs_claude-sonnet-4_5_context_T20_20251102_141239.json,21,unknown,1,1,0,0.0,0.0,0.0,1.0,0,0,0,0,0,0,0,0,0,0,0,0,0,0,0,0
consciousness,claude-sonnet-4_5_vs_claude-sonnet-4_5_context_T20_20251102_141239.json,22,unknown,1,1,0,0.0,0.0,0.0,1.0,0,0,0,0,0,0,0,0,0,0,0,0,0,0,0,0
consciousness,claude-sonnet-4_5_vs_claude-sonnet-4_5_context_T20_20251102_141239.json,23,unknown,1,1,0,0.0,0.0,0.0,1.0,0,0,0,0,0,0,0,0,0,0,0,0,0,0,0,0
consciousness,claude-sonnet-4_5_vs_claude-sonnet-4_5_context_T20_20251102_141239.json,24,unknown,1,1,0,0.0,0.0,0.0,1.0,0,0,0,0,0,0,0,0,0,0,0,0,0,0,0,0
consciousness,claude-sonnet-4_5_vs_claude-sonnet-4_5_context_T20_20251102_141239.json,25,unknown,1,1,0,0.0,0.0,0.0,1.0,0,0,0,0,0,0,0,0,0,0,0,0,0,0,0,0
consciousness,claude-sonnet-4_5_vs_claude-sonnet-4_5_context_T20_20251102_141239.json,26,unknown,1,1,0,0.0,0.0,0.0,1.0,0,0,0,0,0,0,0,0,0,0,0,0,0,0,0,0
consciousness,claude-sonnet-4_5_vs_claude-sonnet-4_5_context_T20_20251102_141239.json,27,unknown,1,1,0,0.0,0.0,0.0,1.0,0,0,0,0,0,0,0,0,0,0,0,0,0,0,0,0
consciousness,claude-sonnet-4_5_vs_claude-sonnet-4_5_context_T20_20251102_141239.json,28,unknown,1,1,0,0.0,0.0,0.0,1.0,0,0,0,0,0,0,0,0,0,0,0,0,0,0,0,0
consciousness,claude-sonnet-4_5_vs_claude-sonnet-4_5_context_T20_20251102_141239.json,29,unknown,1,1,0,0.0,0.0,0.0,1.0,0,0,0,0,0,0,0,0,0,0,0,0,0,0,0,0
consciousness,claude-sonnet-4_5_vs_claude-sonnet-4_5_context_T20_20251102_141239.json,30,unknown,1,1,0,0.0,0.0,0.0,1.0,0,0,0,0,0,0,0,0,0,0,0,0,0,0,0,0
consciousness,claude-sonnet-4_5_vs_claude-sonnet-4_5_context_T20_20251102_141239.json,31,unknown,1,1,0,0.0,0.0,0.0,1.0,0,0,0,0,0,0,0,0,0,0,0,0,0,0,0,0
consciousness,claude-sonnet-4_5_vs_claude-sonnet-4_5_context_T20_20251102_141239.json,32,unknown,1,1,0,0.0,0.0,0.0,1.0,0,0,0,0,0,0,0,0,0,0,0,0,0,0,0,0
consciousness,claude-sonnet-4_5_vs_claude-sonnet-4_5_context_T20_20251102_141239.json,33,unknown,1,1,0,0.0,0.0,0.0,1.0,0,0,0,0,0,0,0,0,0,0,0,0,0,0,0,0
consciousness,claude-sonnet-4_5_vs_claude-sonnet-4_5_context_T20_20251102_141239.json,34,unknown,1,1,0,0.0,0.0,0.0,1.0,0,0,0,0,0,0,0,0,0,0,0,0,0,0,0,0
consciousness,claude-sonnet-4_5_vs_claude-sonnet-4_5_context_T20_20251102_141239.json,35,unknown,1,1,0,0.0,0.0,0.0,1.0,0,0,0,0,0,0,0,0,0,0,0,0,0,0,0,0
consciousness,claude-sonnet-4_5_vs_claude-sonnet-4_5_context_T20_20251102_141239.json,36,unknown,1,1,0,0.0,0.0,0.0,1.0,0,0,0,0,0,0,0,0,0,0,0,0,0,0,0,0
consciousness,claude-sonnet-4_5_vs_claude-sonnet-4_5_context_T20_20251102_141239.json,37,unknown,1,1,0,0.0,0.0,0.0,1.0,0,0,0,0,0,0,0,0,0,0,0,0,0,0,0,0
consciousness,claude-sonnet-4_5_vs_claude-sonnet-4_5_context_T20_20251102_141239.json,38,unknown,1,1,0,0.0,0.0,0.0,1.0,0,0,0,0,0,0,0,0,0,0,0,0,0,0,0,0
consciousness,claude-sonnet-4_5_vs_claude-sonnet-4_5_context_T20_20251102_141239.json,39,unknown,1,1,0,0.0,0.0,0.0,1.0,0,0,0,0,0,0,0,0,0,0,0,0,0,0,0,0
consciousness,claude-sonnet-4_5_vs_claude-sonnet-4_5_context_T20_20251102_141239.json,40,unknown,1,1,0,0.0,0.0,0.0,1.0,0,0,0,0,0,0,0,0,0,0,0,0,0,0,0,0
consciousness,claude-sonnet-4_5_vs_claude-sonnet-4_5_context_T20_20251102_141647.json,1,unknown,1481,225,6,2.666666666666667,2.2222222222222223,1.0,0.0,0,0,2,2,2,0,0,0,0,0,0,0,0,0,0,0
consciousness,claude-sonnet-4_5_vs_claude-sonnet-4_5_context_T20_20251102_141647.json,2,unknown,1707,273,2,0.7326007326007326,1.465201465201465,0.3638502367393216,0.6361497632606784,0,0,1,0,1,0,0,0,0,0,0,0,0,0,0,0
consciousness,claude-sonnet-4_5_vs_claude-sonnet-4_5_context_T20_20251102_141647.json,3,unknown,1807,272,7,2.5735294117647056,2.5735294117647056,0.25658807984650067,0.7434119201534993,0,0,3,0,2,1,1,0,0,0,0,0,0,0,0,0
consciousness,claude-sonnet-4_5_vs_claude-sonnet-4_5_context_T20_20251102_141647.json,4,unknown,1845,289,5,1.7301038062283738,2.0761245674740483,0.3112292223327527,0.6887707776672474,0,0,0,0,4,0,1,0,0,0,0,0,0,0,0,0
consciousness,claude-sonnet-4_5_vs_claude-sonnet-4_5_context_T20_20251102_141647.json,5,unknown,1795,278,4,1.4388489208633095,1.7985611510791366,0.1525661790424202,0.8474338209575798,0,0,0,0,3,0,1,0,0,0,0,0,0,0,0,0
consciousness,claude-sonnet-4_5_vs_claude-sonnet-4_5_context_T20_20251102_141647.json,6,unknown,1801,282,3,1.0638297872340425,2.127659574468085,0.21445986791696497,0.7855401320830351,0,0,0,0,2,0,1,0,0,0,0,0,0,0,0,0
consciousness,claude-sonnet-4_5_vs_claude-sonnet-4_5_context_T20_20251102_141647.json,7,unknown,2087,297,4,1.3468013468013467,2.356902356902357,0.23093185616155823,0.7690681438384418,0,0,1,1,2,0,0,0,0,0,0,0,0,0,0,0
consciousness,claude-sonnet-4_5_vs_claude-sonnet-4_5_context_T20_20251102_141647.json,8,unknown,1705,260,2,0.7692307692307693,0.7692307692307693,0.16095606846094698,0.839043931539053,0,0,1,0,0,0,0,0,0,1,0,0,0,0,0,0
consciousness,claude-sonnet-4_5_vs_claude-sonnet-4_5_context_T20_20251102_141647.json,9,unknown,1600,252,1,0.3968253968253968,1.1904761904761905,0.1553888560382104,0.8446111439617896,0,0,0,0,1,0,0,0,0,0,0,0,0,0,0,0
consciousness,claude-sonnet-4_5_vs_claude-sonnet-4_5_context_T20_20251102_141647.json,10,unknown,1605,255,4,1.5686274509803921,0.0,0.18151474373600532,0.8184852562639947,0,0,1,1,2,0,0,0,0,0,0,0,0,0,0,0
consciousness,claude-sonnet-4_5_vs_claude-sonnet-4_5_context_T20_20251102_141647.json,11,unknown,1512,243,0,0.0,0.0,0.11916158554222712,0.8808384144577729,0,0,0,0,0,0,0,0,0,0,0,0,0,0,0,0
consciousness,claude-sonnet-4_5_vs_claude-sonnet-4_5_context_T20_20251102_141647.json,12,unknown,213,32,0,0.0,3.125,0.03951134374626236,0.9604886562537376,0,0,0,0,0,0,0,0,0,0,0,0,0,0,0,0
consciousness,claude-sonnet-4_5_vs_claude-sonnet-4_5_context_T20_20251102_141647.json,13,unknown,25,4,0,0.0,25.0,0.0,1.0,0,0,0,0,0,0,0,0,0,0,0,0,0,0,0,0
consciousness,claude-sonnet-4_5_vs_claude-sonnet-4_5_context_T20_20251102_141647.json,14,unknown,11,1,0,0.0,100.0,0.0,1.0,0,0,0,0,0,0,0,0,0,0,0,0,0,0,0,0
consciousness,claude-sonnet-4_5_vs_claude-sonnet-4_5_context_T20_20251102_141647.json,15,unknown,11,1,0,0.0,100.0,0.0,1.0,0,0,0,0,0,0,0,0,0,0,0,0,0,0,0,0
consciousness,claude-sonnet-4_5_vs_claude-sonnet-4_5_context_T20_20251102_141647.json,16,unknown,158,26,0,0.0,3.8461538461538463,0.021576634874820495,0.9784233651251795,0,0,0,0,0,0,0,0,0,0,0,0,0,0,0,0
consciousness,claude-sonnet-4_5_vs_claude-sonnet-4_5_context_T20_20251102_141647.json,17,unknown,26,3,0,0.0,33.33333333333333,0.02515738543812684,0.9748426145618732,0,0,0,0,0,0,0,0,0,0,0,0,0,0,0,0
consciousness,claude-sonnet-4_5_vs_claude-sonnet-4_5_context_T20_20251102_141647.json,18,unknown,19,2,0,0.0,100.0,0.0,1.0,0,0,0,0,0,0,0,0,0,0,0,0,0,0,0,0
consciousness,claude-sonnet-4_5_vs_claude-sonnet-4_5_context_T20_20251102_141647.json,19,unknown,9,1,0,0.0,100.0,0.0,1.0,0,0,0,0,0,0,0,0,0,0,0,0,0,0,0,0
consciousness,claude-sonnet-4_5_vs_claude-sonnet-4_5_context_T20_20251102_141647.json,20,unknown,107,19,0,0.0,5.263157894736842,0.0,1.0,0,0,0,0,0,0,0,0,0,0,0,0,0,0,0,0
consciousness,claude-sonnet-4_5_vs_claude-sonnet-4_5_context_T20_20251102_141647.json,21,unknown,84,12,0,0.0,16.666666666666664,0.0,1.0,0,0,0,0,0,0,0,0,0,0,0,0,0,0,0,0
consciousness,claude-sonnet-4_5_vs_claude-sonnet-4_5_context_T20_20251102_141647.json,22,unknown,22,2,0,0.0,100.0,0.0,1.0,0,0,0,0,0,0,0,0,0,0,0,0,0,0,0,0
consciousness,claude-sonnet-4_5_vs_claude-sonnet-4_5_context_T20_20251102_141647.json,23,unknown,80,15,0,0.0,6.666666666666667,0.014915444668593437,0.9850845553314066,0,0,0,0,0,0,0,0,0,0,0,0,0,0,0,0
consciousness,claude-sonnet-4_5_vs_claude-sonnet-4_5_context_T20_20251102_141647.json,24,unknown,18,2,0,0.0,100.0,0.0,1.0,0,0,0,0,0,0,0,0,0,0,0,0,0,0,0,0
consciousness,claude-sonnet-4_5_vs_claude-sonnet-4_5_context_T20_20251102_141647.json,25,unknown,32,4,0,0.0,50.0,0.0,1.0,0,0,0,0,0,0,0,0,0,0,0,0,0,0,0,0
consciousness,claude-sonnet-4_5_vs_claude-sonnet-4_5_context_T20_20251102_141647.json,26,unknown,308,46,1,2.1739130434782608,2.1739130434782608,0.04505729719661087,0.9549427028033891,0,0,1,0,0,0,0,0,0,0,0,0,0,0,0,0
consciousness,claude-sonnet-4_5_vs_claude-sonnet-4_5_context_T20_20251102_141647.json,27,unknown,136,24,0,0.0,8.333333333333332,0.04541746797264487,0.9545825320273551,0,0,0,0,0,0,0,0,0,0,0,0,0,0,0,0
consciousness,claude-sonnet-4_5_vs_claude-sonnet-4_5_context_T20_20251102_141647.json,28,unknown,30,4,0,0.0,50.0,0.0,1.0,0,0,0,0,0,0,0,0,0,0,0,0,0,0,0,0
consciousness,claude-sonnet-4_5_vs_claude-sonnet-4_5_context_T20_20251102_141647.json,29,unknown,5,1,0,0.0,100.0,0.0,1.0,0,0,0,0,0,0,0,0,0,0,0,0,0,0,0,0
consciousness,claude-sonnet-4_5_vs_claude-sonnet-4_5_context_T20_20251102_141647.json,30,unknown,569,89,2,2.247191011235955,0.0,0.1262564193268026,0.8737435806731975,0,0,1,1,0,0,0,0,0,0,0,0,0,0,0,0
consciousness,claude-sonnet-4_5_vs_claude-sonnet-4_5_context_T20_20251102_141647.json,31,unknown,1202,196,6,3.061224489795918,1.0204081632653061,0.14054095893034302,0.859459041069657,0,0,2,2,1,0,1,0,0,0,0,0,0,0,0,0
consciousness,claude-sonnet-4_5_vs_claude-sonnet-4_5_context_T20_20251102_141647.json,32,unknown,873,140,1,0.7142857142857143,1.4285714285714286,0.06657373957005147,0.9334262604299486,0,0,0,0,1,0,0,0,0,0,0,0,0,0,0,0
consciousness,claude-sonnet-4_5_vs_claude-sonnet-4_5_context_T20_20251102_141647.json,33,unknown,1061,162,0,0.0,1.2345679012345678,0.16742119931172703,0.832578800688273,0,0,0,0,0,0,0,0,0,0,0,0,0,0,0,0
consciousness,claude-sonnet-4_5_vs_claude-sonnet-4_5_context_T20_20251102_141647.json,34,unknown,627,93,0,0.0,3.225806451612903,0.049924332493839804,0.9500756675061602,0,0,0,0,0,0,0,0,0,0,0,0,0,0,0,0
consciousness,claude-sonnet-4_5_vs_claude-sonnet-4_5_context_T20_20251102_141647.json,35,unknown,311,49,0,0.0,6.122448979591836,0.025675603381354363,0.9743243966186457,0,0,0,0,0,0,0,0,0,0,0,0,0,0,0,0
consciousness,claude-sonnet-4_5_vs_claude-sonnet-4_5_context_T20_20251102_141647.json,36,unknown,52,8,0,0.0,25.0,0.0,1.0,0,0,0,0,0,0,0,0,0,0,0,0,0,0,0,0
consciousness,claude-sonnet-4_5_vs_claude-sonnet-4_5_context_T20_20251102_141647.json,37,unknown,28,5,0,0.0,40.0,0.0,1.0,0,0,0,0,0,0,0,0,0,0,0,0,0,0,0,0
consciousness,claude-sonnet-4_5_vs_claude-sonnet-4_5_context_T20_20251102_141647.json,38,unknown,7,1,0,0.0,100.0,0.0,1.0,0,0,0,0,0,0,0,0,0,0,0,0,0,0,0,0
consciousness,claude-sonnet-4_5_vs_claude-sonnet-4_5_context_T20_20251102_141647.json,39,unknown,7,1,0,0.0,100.0,0.0,1.0,0,0,0,0,0,0,0,0,0,0,0,0,0,0,0,0
consciousness,claude-sonnet-4_5_vs_claude-sonnet-4_5_context_T20_20251102_141647.json,40,unknown,293,46,1,2.1739130434782608,4.3478260869565215,0.02191016331282091,0.9780898366871791,0,0,1,0,0,0,0,0,0,0,0,0,0,0,0,0
consciousness,claude-sonnet-4_5_vs_claude-sonnet-4_5_context_T20_20251102_142023.json,1,unknown,1249,203,10,4.926108374384237,1.477832512315271,1.0000000000000002,-2.220446049250313e-16,1,1,5,2,1,0,0,0,0,0,0,0,0,0,0,0
consciousness,claude-sonnet-4_5_vs_claude-sonnet-4_5_context_T20_20251102_142023.json,2,unknown,1466,236,2,0.847457627118644,1.694915254237288,0.3515821882705903,0.6484178117294097,0,0,0,0,2,0,0,0,0,0,0,0,0,0,0,0
consciousness,claude-sonnet-4_5_vs_claude-sonnet-4_5_context_T20_20251102_142023.json,3,unknown,1568,254,5,1.968503937007874,1.968503937007874,0.2874128381311243,0.7125871618688757,0,0,1,1,2,0,0,0,0,0,0,0,0,1,0,0
consciousness,claude-sonnet-4_5_vs_claude-sonnet-4_5_context_T20_20251102_142023.json,4,unknown,1650,260,3,1.153846153846154,1.153846153846154,0.2849967791873297,0.7150032208126703,0,0,0,0,3,0,0,0,0,0,0,0,0,0,0,0
consciousness,claude-sonnet-4_5_vs_claude-sonnet-4_5_context_T20_20251102_142023.json,5,unknown,1666,274,1,0.36496350364963503,2.18978102189781,0.23934607246704523,0.7606539275329548,0,0,0,0,1,0,0,0,0,0,0,0,0,0,0,0
consciousness,claude-sonnet-4_5_vs_claude-sonnet-4_5_context_T20_20251102_142023.json,6,unknown,1609,254,5,1.968503937007874,1.1811023622047243,0.15003579998487065,0.8499642000151293,0,0,1,1,2,0,0,0,0,0,0,0,0,1,0,0
consciousness,claude-sonnet-4_5_vs_claude-sonnet-4_5_context_T20_20251102_142023.json,7,unknown,1623,260,1,0.38461538461538464,2.307692307692308,0.1608794035483327,0.8391205964516673,0,0,0,0,1,0,0,0,0,0,0,0,0,0,0,0
consciousness,claude-sonnet-4_5_vs_claude-sonnet-4_5_context_T20_20251102_142023.json,8,unknown,1705,266,3,1.1278195488721803,1.8796992481203008,0.13193103865497288,0.8680689613450271,0,0,1,0,1,1,0,0,0,0,0,0,0,0,0,0
consciousness,claude-sonnet-4_5_vs_claude-sonnet-4_5_context_T20_20251102_142023.json,9,unknown,1501,242,3,1.2396694214876034,1.2396694214876034,0.1291986221460548,0.8708013778539452,0,0,1,1,0,1,0,0,0,0,0,0,0,0,0,0
consciousness,claude-sonnet-4_5_vs_claude-sonnet-4_5_context_T20_20251102_142023.json,10,unknown,1211,205,2,0.975609756097561,0.0,0.14498820552566632,0.8550117944743336,0,0,0,0,2,0,0,0,0,0,0,0,0,0,0,0
consciousness,claude-sonnet-4_5_vs_claude-sonnet-4_5_context_T20_20251102_142023.json,11,unknown,867,145,1,0.6896551724137931,0.0,0.10240636875993525,0.8975936312400647,0,0,0,0,1,0,0,0,0,0,0,0,0,0,0,0
consciousness,claude-sonnet-4_5_vs_claude-sonnet-4_5_context_T20_20251102_142023.json,12,unknown,888,152,1,0.6578947368421052,0.0,0.11290826986776498,0.887091730132235,0,0,0,0,1,0,0,0,0,0,0,0,0,0,0,0
consciousness,claude-sonnet-4_5_vs_claude-sonnet-4_5_context_T20_20251102_142023.json,13,unknown,43,7,0,0.0,14.285714285714285,0.0,1.0,0,0,0,0,0,0,0,0,0,0,0,0,0,0,0,0
consciousness,claude-sonnet-4_5_vs_claude-sonnet-4_5_context_T20_20251102_142023.json,14,unknown,38,6,0,0.0,16.666666666666664,0.042683344033614706,0.9573166559663853,0,0,0,0,0,0,0,0,0,0,0,0,0,0,0,0
consciousness,claude-sonnet-4_5_vs_claude-sonnet-4_5_context_T20_20251102_142023.json,15,unknown,9,2,0,0.0,50.0,0.0,1.0,0,0,0,0,0,0,0,0,0,0,0,0,0,0,0,0
consciousness,claude-sonnet-4_5_vs_claude-sonnet-4_5_context_T20_20251102_142023.json,16,unknown,13,3,0,0.0,33.33333333333333,0.0,1.0,0,0,0,0,0,0,0,0,0,0,0,0,0,0,0,0
consciousness,claude-sonnet-4_5_vs_claude-sonnet-4_5_context_T20_20251102_142023.json,17,unknown,41,7,0,0.0,28.57142857142857,0.0,1.0,0,0,0,0,0,0,0,0,0,0,0,0,0,0,0,0
consciousness,claude-sonnet-4_5_vs_claude-sonnet-4_5_context_T20_20251102_142023.json,18,unknown,30,4,0,0.0,50.0,0.0,1.0,0,0,0,0,0,0,0,0,0,0,0,0,0,0,0,0
consciousness,claude-sonnet-4_5_vs_claude-sonnet-4_5_context_T20_20251102_142023.json,19,unknown,30,3,0,0.0,66.66666666666666,0.0,1.0,0,0,0,0,0,0,0,0,0,0,0,0,0,0,0,0
consciousness,claude-sonnet-4_5_vs_claude-sonnet-4_5_context_T20_20251102_142023.json,20,unknown,13,2,0,0.0,50.0,0.0,1.0,0,0,0,0,0,0,0,0,0,0,0,0,0,0,0,0
consciousness,claude-sonnet-4_5_vs_claude-sonnet-4_5_context_T20_20251102_142023.json,21,unknown,3,1,0,0.0,100.0,0.0,1.0,0,0,0,0,0,0,0,0,0,0,0,0,0,0,0,0
consciousness,claude-sonnet-4_5_vs_claude-sonnet-4_5_context_T20_20251102_142023.json,22,unknown,24,3,0,0.0,66.66666666666666,0.0,1.0,0,0,0,0,0,0,0,0,0,0,0,0,0,0,0,0
consciousness,claude-sonnet-4_5_vs_claude-sonnet-4_5_context_T20_20251102_142023.json,23,unknown,40,7,0,0.0,28.57142857142857,0.0,1.0,0,0,0,0,0,0,0,0,0,0,0,0,0,0,0,0
consciousness,claude-sonnet-4_5_vs_claude-sonnet-4_5_context_T20_20251102_142023.json,24,unknown,71,10,0,0.0,30.0,0.0,1.0,0,0,0,0,0,0,0,0,0,0,0,0,0,0,0,0
consciousness,claude-sonnet-4_5_vs_claude-sonnet-4_5_context_T20_20251102_142023.json,25,unknown,71,12,0,0.0,25.0,0.0,1.0,0,0,0,0,0,0,0,0,0,0,0,0,0,0,0,0
consciousness,claude-sonnet-4_5_vs_claude-sonnet-4_5_context_T20_20251102_142023.json,26,unknown,51,7,0,0.0,42.857142857142854,0.0,1.0,0,0,0,0,0,0,0,0,0,0,0,0,0,0,0,0
consciousness,claude-sonnet-4_5_vs_claude-sonnet-4_5_context_T20_20251102_142023.json,27,unknown,47,6,0,0.0,50.0,0.0,1.0,0,0,0,0,0,0,0,0,0,0,0,0,0,0,0,0
consciousness,claude-sonnet-4_5_vs_claude-sonnet-4_5_context_T20_20251102_142023.json,28,unknown,38,5,0,0.0,60.0,0.0,1.0,0,0,0,0,0,0,0,0,0,0,0,0,0,0,0,0
consciousness,claude-sonnet-4_5_vs_claude-sonnet-4_5_context_T20_20251102_142023.json,29,unknown,37,5,0,0.0,60.0,0.03333347781919921,0.9666665221808008,0,0,0,0,0,0,0,0,0,0,0,0,0,0,0,0
consciousness,claude-sonnet-4_5_vs_claude-sonnet-4_5_context_T20_20251102_142023.json,30,unknown,53,9,0,0.0,33.33333333333333,0.03070153606938286,0.9692984639306171,0,0,0,0,0,0,0,0,0,0,0,0,0,0,0,0
consciousness,claude-sonnet-4_5_vs_claude-sonnet-4_5_context_T20_20251102_142023.json,31,unknown,596,102,1,0.9803921568627451,0.9803921568627451,0.08821926278347068,0.9117807372165293,0,0,1,0,0,0,0,0,0,0,0,0,0,0,0,0
consciousness,claude-sonnet-4_5_vs_claude-sonnet-4_5_context_T20_20251102_142023.json,32,unknown,691,109,0,0.0,1.834862385321101,0.07159828683268106,0.9284017131673189,0,0,0,0,0,0,0,0,0,0,0,0,0,0,0,0
consciousness,claude-sonnet-4_5_vs_claude-sonnet-4_5_context_T20_20251102_142023.json,33,unknown,246,42,0,0.0,4.761904761904762,0.054418592452165064,0.9455814075478349,0,0,0,0,0,0,0,0,0,0,0,0,0,0,0,0
consciousness,claude-sonnet-4_5_vs_claude-sonnet-4_5_context_T20_20251102_142023.json,34,unknown,53,9,0,0.0,11.11111111111111,0.0,1.0,0,0,0,0,0,0,0,0,0,0,0,0,0,0,0,0
consciousness,claude-sonnet-4_5_vs_claude-sonnet-4_5_context_T20_20251102_142023.json,35,unknown,23,3,0,0.0,66.66666666666666,0.0,1.0,0,0,0,0,0,0,0,0,0,0,0,0,0,0,0,0
consciousness,claude-sonnet-4_5_vs_claude-sonnet-4_5_context_T20_20251102_142023.json,36,unknown,23,3,0,0.0,66.66666666666666,0.0,1.0,0,0,0,0,0,0,0,0,0,0,0,0,0,0,0,0
consciousness,claude-sonnet-4_5_vs_claude-sonnet-4_5_context_T20_20251102_142023.json,37,unknown,26,3,0,0.0,66.66666666666666,0.0,1.0,0,0,0,0,0,0,0,0,0,0,0,0,0,0,0,0
consciousness,claude-sonnet-4_5_vs_claude-sonnet-4_5_context_T20_20251102_142023.json,38,unknown,346,52,0,0.0,3.8461538461538463,0.038807935914370054,0.96119206408563,0,0,0,0,0,0,0,0,0,0,0,0,0,0,0,0
consciousness,claude-sonnet-4_5_vs_claude-sonnet-4_5_context_T20_20251102_142023.json,39,unknown,460,72,0,0.0,4.166666666666666,0.01645524366219077,0.9835447563378092,0,0,0,0,0,0,0,0,0,0,0,0,0,0,0,0
consciousness,claude-sonnet-4_5_vs_claude-sonnet-4_5_context_T20_20251102_142023.json,40,unknown,58,8,0,0.0,37.5,0.0,1.0,0,0,0,0,0,0,0,0,0,0,0,0,0,0,0,0
creativity,claude-sonnet-4_5_vs_claude-sonnet-4_5_context_T20_20251102_143730.json,1,unknown,1491,243,3,1.2345679012345678,1.646090534979424,1.0000000000000009,-8.881784197001252e-16,1,0,1,1,0,0,0,0,0,0,0,0,0,0,0,0
creativity,claude-sonnet-4_5_vs_claude-sonnet-4_5_context_T20_20251102_143730.json,2,unknown,1656,262,3,1.1450381679389312,2.2900763358778624,0.3369886786220196,0.6630113213779805,0,0,1,0,2,0,0,0,0,0,0,0,0,0,0,0
creativity,claude-sonnet-4_5_vs_claude-sonnet-4_5_context_T20_20251102_143730.json,3,unknown,1591,255,3,1.1764705882352942,1.9607843137254901,0.1713862807978967,0.8286137192021032,0,0,0,0,2,1,0,0,0,0,0,0,0,0,0,0
creativity,claude-sonnet-4_5_vs_claude-sonnet-4_5_context_T20_20251102_143730.json,4,unknown,1635,262,9,3.435114503816794,1.9083969465648856,0.17356541574689252,0.8264345842531075,3,1,0,0,4,0,0,0,0,0,0,0,0,1,0,0
creativity,claude-sonnet-4_5_vs_claude-sonnet-4_5_context_T20_20251102_143730.json,5,unknown,1864,297,3,1.0101010101010102,1.6835016835016834,0.21263279913463803,0.7873672008653619,1,1,0,0,0,0,0,0,0,0,0,0,0,1,0,0
creativity,claude-sonnet-4_5_vs_claude-sonnet-4_5_context_T20_20251102_143730.json,6,unknown,1691,265,7,2.6415094339622645,1.8867924528301887,0.188962046217766,0.811037953782234,2,1,1,1,0,0,0,0,0,0,0,0,0,2,0,0
creativity,claude-sonnet-4_5_vs_claude-sonnet-4_5_context_T20_20251102_143730.json,7,unknown,1761,283,3,1.0600706713780919,1.0600706713780919,0.15695593482532436,0.8430440651746757,0,0,1,0,2,0,0,0,0,0,0,0,0,0,0,0
creativity,claude-sonnet-4_5_vs_claude-sonnet-4_5_context_T20_20251102_143730.json,8,unknown,1780,293,2,0.6825938566552902,0.6825938566552902,0.12667335700950758,0.8733266429904925,0,0,1,0,1,0,0,0,0,0,0,0,0,0,0,0
creativity,claude-sonnet-4_5_vs_claude-sonnet-4_5_context_T20_20251102_143730.json,9,unknown,1712,285,3,1.0526315789473684,0.3508771929824561,0.13875103051625487,0.8612489694837451,1,1,0,0,1,0,0,0,0,0,0,0,0,0,0,0
creativity,claude-sonnet-4_5_vs_claude-sonnet-4_5_context_T20_20251102_143730.json,10,unknown,1584,264,1,0.3787878787878788,0.3787878787878788,0.11993691553265642,0.8800630844673436,0,0,0,0,1,0,0,0,0,0,0,0,0,0,0,0
creativity,claude-sonnet-4_5_vs_claude-sonnet-4_5_context_T20_20251102_143730.json,11,unknown,602,105,0,0.0,0.9523809523809524,0.030517759655962658,0.9694822403440373,0,0,0,0,0,0,0,0,0,0,0,0,0,0,0,0
creativity,claude-sonnet-4_5_vs_claude-sonnet-4_5_context_T20_20251102_143730.json,12,unknown,47,10,0,0.0,10.0,0.0,1.0,0,0,0,0,0,0,0,0,0,0,0,0,0,0,0,0
creativity,claude-sonnet-4_5_vs_claude-sonnet-4_5_context_T20_20251102_143730.json,13,unknown,43,8,0,0.0,12.5,0.06262912072279478,0.9373708792772052,0,0,0,0,0,0,0,0,0,0,0,0,0,0,0,0
creativity,claude-sonnet-4_5_vs_claude-sonnet-4_5_context_T20_20251102_143730.json,14,unknown,62,8,0,0.0,25.0,0.0,1.0,0,0,0,0,0,0,0,0,0,0,0,0,0,0,0,0
creativity,claude-sonnet-4_5_vs_claude-sonnet-4_5_context_T20_20251102_143730.json,15,unknown,43,7,0,0.0,28.57142857142857,0.0,1.0,0,0,0,0,0,0,0,0,0,0,0,0,0,0,0,0
creativity,claude-sonnet-4_5_vs_claude-sonnet-4_5_context_T20_20251102_143730.json,16,unknown,26,3,0,0.0,66.66666666666666,0.0,1.0,0,0,0,0,0,0,0,0,0,0,0,0,0,0,0,0
creativity,claude-sonnet-4_5_vs_claude-sonnet-4_5_context_T20_20251102_143730.json,17,unknown,26,3,0,0.0,66.66666666666666,0.0,1.0,0,0,0,0,0,0,0,0,0,0,0,0,0,0,0,0
creativity,claude-sonnet-4_5_vs_claude-sonnet-4_5_context_T20_20251102_143730.json,18,unknown,1,1,0,0.0,0.0,0.0,1.0,0,0,0,0,0,0,0,0,0,0,0,0,0,0,0,0
creativity,claude-sonnet-4_5_vs_claude-sonnet-4_5_context_T20_20251102_143730.json,19,unknown,1,1,0,0.0,0.0,0.0,1.0,0,0,0,0,0,0,0,0,0,0,0,0,0,0,0,0
creativity,claude-sonnet-4_5_vs_claude-sonnet-4_5_context_T20_20251102_143730.json,20,unknown,450,73,0,0.0,1.36986301369863,0.050596398516985344,0.9494036014830146,0,0,0,0,0,0,0,0,0,0,0,0,0,0,0,0
creativity,claude-sonnet-4_5_vs_claude-sonnet-4_5_context_T20_20251102_143730.json,21,unknown,353,57,0,0.0,3.508771929824561,0.029195147746714476,0.9708048522532855,0,0,0,0,0,0,0,0,0,0,0,0,0,0,0,0
creativity,claude-sonnet-4_5_vs_claude-sonnet-4_5_context_T20_20251102_143730.json,22,unknown,72,11,0,0.0,27.27272727272727,0.0,1.0,0,0,0,0,0,0,0,0,0,0,0,0,0,0,0,0
creativity,claude-sonnet-4_5_vs_claude-sonnet-4_5_context_T20_20251102_143730.json,23,unknown,35,5,0,0.0,60.0,0.0,1.0,0,0,0,0,0,0,0,0,0,0,0,0,0,0,0,0
creativity,claude-sonnet-4_5_vs_claude-sonnet-4_5_context_T20_20251102_143730.json,24,unknown,60,8,0,0.0,50.0,0.0,1.0,0,0,0,0,0,0,0,0,0,0,0,0,0,0,0,0
creativity,claude-sonnet-4_5_vs_claude-sonnet-4_5_context_T20_20251102_143730.json,25,unknown,63,9,0,0.0,33.33333333333333,0.0,1.0,0,0,0,0,0,0,0,0,0,0,0,0,0,0,0,0
creativity,claude-sonnet-4_5_vs_claude-sonnet-4_5_context_T20_20251102_143730.json,26,unknown,68,9,0,0.0,33.33333333333333,0.0,1.0,0,0,0,0,0,0,0,0,0,0,0,0,0,0,0,0
creativity,claude-sonnet-4_5_vs_claude-sonnet-4_5_context_T20_20251102_143730.json,27,unknown,64,10,0,0.0,30.0,0.0,1.0,0,0,0,0,0,0,0,0,0,0,0,0,0,0,0,0
creativity,claude-sonnet-4_5_vs_claude-sonnet-4_5_context_T20_20251102_143730.json,28,unknown,16,3,0,0.0,33.33333333333333,0.0,1.0,0,0,0,0,0,0,0,0,0,0,0,0,0,0,0,0
creativity,claude-sonnet-4_5_vs_claude-sonnet-4_5_context_T20_20251102_143730.json,29,unknown,16,3,0,0.0,33.33333333333333,0.0,1.0,0,0,0,0,0,0,0,0,0,0,0,0,0,0,0,0
creativity,claude-sonnet-4_5_vs_claude-sonnet-4_5_context_T20_20251102_143730.json,30,unknown,492,87,0,0.0,2.2988505747126435,0.09063634931780765,0.9093636506821924,0,0,0,0,0,0,0,0,0,0,0,0,0,0,0,0
creativity,claude-sonnet-4_5_vs_claude-sonnet-4_5_context_T20_20251102_143730.json,31,unknown,345,58,0,0.0,5.172413793103448,0.05252119723751187,0.9474788027624881,0,0,0,0,0,0,0,0,0,0,0,0,0,0,0,0
creativity,claude-sonnet-4_5_vs_claude-sonnet-4_5_context_T20_20251102_143730.json,32,unknown,60,8,0,0.0,37.5,0.0,1.0,0,0,0,0,0,0,0,0,0,0,0,0,0,0,0,0
creativity,claude-sonnet-4_5_vs_claude-sonnet-4_5_context_T20_20251102_143730.json,33,unknown,46,6,0,0.0,50.0,0.0,1.0,0,0,0,0,0,0,0,0,0,0,0,0,0,0,0,0
creativity,claude-sonnet-4_5_vs_claude-sonnet-4_5_context_T20_20251102_143730.json,34,unknown,13,3,0,0.0,33.33333333333333,0.0,1.0,0,0,0,0,0,0,0,0,0,0,0,0,0,0,0,0
creativity,claude-sonnet-4_5_vs_claude-sonnet-4_5_context_T20_20251102_143730.json,35,unknown,4,2,0,0.0,0.0,0.0,1.0,0,0,0,0,0,0,0,0,0,0,0,0,0,0,0,0
creativity,claude-sonnet-4_5_vs_claude-sonnet-4_5_context_T20_20251102_143730.json,36,unknown,4,2,0,0.0,0.0,0.0,1.0,0,0,0,0,0,0,0,0,0,0,0,0,0,0,0,0
creativity,claude-sonnet-4_5_vs_claude-sonnet-4_5_context_T20_20251102_143730.json,37,unknown,113,20,0,0.0,5.0,0.03677041507098937,0.9632295849290107,0,0,0,0,0,0,0,0,0,0,0,0,0,0,0,0
creativity,claude-sonnet-4_5_vs_claude-sonnet-4_5_context_T20_20251102_143730.json,38,unknown,52,10,0,0.0,30.0,0.020659096905062575,0.9793409030949374,0,0,0,0,0,0,0,0,0,0,0,0,0,0,0,0
creativity,claude-sonnet-4_5_vs_claude-sonnet-4_5_context_T20_20251102_143730.json,39,unknown,17,4,0,0.0,25.0,0.0,1.0,0,0,0,0,0,0,0,0,0,0,0,0,0,0,0,0
creativity,claude-sonnet-4_5_vs_claude-sonnet-4_5_context_T20_20251102_143730.json,40,unknown,4,2,0,0.0,0.0,0.0,1.0,0,0,0,0,0,0,0,0,0,0,0,0,0,0,0,0
emotion,claude-sonnet-4_5_vs_claude-sonnet-4_5_context_T20_20251102_144124.json,1,unknown,1342,206,9,4.368932038834951,1.9417475728155338,0.9999999999999998,2.220446049250313e-16,0,0,1,0,4,1,0,0,0,0,0,0,0,3,0,0
emotion,claude-sonnet-4_5_vs_claude-sonnet-4_5_context_T20_20251102_144124.json,2,unknown,1495,239,9,3.765690376569038,0.8368200836820083,0.3777770342604812,0.6222229657395189,0,0,3,1,2,3,0,0,0,0,0,0,0,0,0,0
emotion,claude-sonnet-4_5_vs_claude-sonnet-4_5_context_T20_20251102_144124.json,3,unknown,1669,258,11,4.263565891472868,1.937984496124031,0.18798190962464817,0.8120180903753518,2,2,2,2,3,0,0,0,0,0,0,0,0,0,0,0
emotion,claude-sonnet-4_5_vs_claude-sonnet-4_5_context_T20_20251102_144124.json,4,unknown,1602,268,8,2.9850746268656714,2.6119402985074625,0.16195285732294626,0.8380471426770537,1,1,2,2,2,0,0,0,0,0,0,0,0,0,0,0
emotion,claude-sonnet-4_5_vs_claude-sonnet-4_5_context_T20_20251102_144124.json,5,unknown,1609,279,5,1.7921146953405016,3.225806451612903,0.1393927083446643,0.8606072916553357,1,1,0,0,1,1,0,0,0,0,0,0,0,1,0,0
emotion,claude-sonnet-4_5_vs_claude-sonnet-4_5_context_T20_20251102_144124.json,6,unknown,1573,270,2,0.7407407407407408,2.5925925925925926,0.16693757692516786,0.8330624230748321,0,0,0,0,1,1,0,0,0,0,0,0,0,0,0,0
emotion,claude-sonnet-4_5_vs_claude-sonnet-4_5_context_T20_20251102_144124.json,7,unknown,1602,263,2,0.7604562737642585,2.2813688212927756,0.16428268799082338,0.8357173120091766,0,0,0,0,0,2,0,0,0,0,0,0,0,0,0,0
emotion,claude-sonnet-4_5_vs_claude-sonnet-4_5_context_T20_20251102_144124.json,8,unknown,1609,279,0,0.0,1.0752688172043012,0.16768358238677974,0.8323164176132203,0,0,0,0,0,0,0,0,0,0,0,0,0,0,0,0
emotion,claude-sonnet-4_5_vs_claude-sonnet-4_5_context_T20_20251102_144124.json,9,unknown,1588,274,1,0.36496350364963503,1.4598540145985401,0.10829324970101377,0.8917067502989863,0,0,0,0,1,0,0,0,0,0,0,0,0,0,0,0
emotion,claude-sonnet-4_5_vs_claude-sonnet-4_5_context_T20_20251102_144124.json,10,unknown,1666,298,1,0.33557046979865773,2.348993288590604,0.11125525451154321,0.8887447454884568,0,0,0,0,0,0,0,0,0,0,0,0,0,1,0,0
emotion,claude-sonnet-4_5_vs_claude-sonnet-4_5_context_T20_20251102_144124.json,11,unknown,1645,280,3,1.0714285714285714,1.7857142857142856,0.14148545325165,0.85851454674835,0,0,0,0,1,1,0,0,0,0,0,0,0,1,0,0
emotion,claude-sonnet-4_5_vs_claude-sonnet-4_5_context_T20_20251102_144124.json,12,unknown,1636,287,2,0.6968641114982579,2.0905923344947737,0.12599176905421602,0.874008230945784,0,0,0,0,2,0,0,0,0,0,0,0,0,0,0,0
emotion,claude-sonnet-4_5_vs_claude-sonnet-4_5_context_T20_20251102_144124.json,13,unknown,1623,276,0,0.0,2.898550724637681,0.08199542514175497,0.918004574858245,0,0,0,0,0,0,0,0,0,0,0,0,0,0,0,0
emotion,claude-sonnet-4_5_vs_claude-sonnet-4_5_context_T20_20251102_144124.json,14,unknown,1558,262,0,0.0,3.0534351145038165,0.10100630761296929,0.8989936923870308,0,0,0,0,0,0,0,0,0,0,0,0,0,0,0,0
emotion,claude-sonnet-4_5_vs_claude-sonnet-4_5_context_T20_20251102_144124.json,15,unknown,1384,241,0,0.0,3.7344398340248963,0.07579330772364812,0.9242066922763519,0,0,0,0,0,0,0,0,0,0,0,0,0,0,0,0
emotion,claude-sonnet-4_5_vs_claude-sonnet-4_5_context_T20_20251102_144124.json,16,unknown,1024,175,0,0.0,5.142857142857142,0.05619142856814169,0.9438085714318583,0,0,0,0,0,0,0,0,0,0,0,0,0,0,0,0
emotion,claude-sonnet-4_5_vs_claude-sonnet-4_5_context_T20_20251102_144124.json,17,unknown,247,38,0,0.0,21.052631578947366,0.014223499722248744,0.9857765002777512,0,0,0,0,0,0,0,0,0,0,0,0,0,0,0,0
emotion,claude-sonnet-4_5_vs_claude-sonnet-4_5_context_T20_20251102_144124.json,18,unknown,182,31,0,0.0,29.03225806451613,0.018035217066090906,0.9819647829339091,0,0,0,0,0,0,0,0,0,0,0,0,0,0,0,0
emotion,claude-sonnet-4_5_vs_claude-sonnet-4_5_context_T20_20251102_144124.json,19,unknown,58,9,0,0.0,33.33333333333333,0.03101898425934628,0.9689810157406538,0,0,0,0,0,0,0,0,0,0,0,0,0,0,0,0
emotion,claude-sonnet-4_5_vs_claude-sonnet-4_5_context_T20_20251102_144124.json,20,unknown,18,4,0,0.0,25.0,0.0,1.0,0,0,0,0,0,0,0,0,0,0,0,0,0,0,0,0
emotion,claude-sonnet-4_5_vs_claude-sonnet-4_5_context_T20_20251102_144124.json,21,unknown,18,4,0,0.0,25.0,0.0,1.0,0,0,0,0,0,0,0,0,0,0,0,0,0,0,0,0
emotion,claude-sonnet-4_5_vs_claude-sonnet-4_5_context_T20_20251102_144124.json,22,unknown,1,1,0,0.0,0.0,0.0,1.0,0,0,0,0,0,0,0,0,0,0,0,0,0,0,0,0
emotion,claude-sonnet-4_5_vs_claude-sonnet-4_5_context_T20_20251102_144124.json,23,unknown,1,1,0,0.0,0.0,0.0,1.0,0,0,0,0,0,0,0,0,0,0,0,0,0,0,0,0
emotion,claude-sonnet-4_5_vs_claude-sonnet-4_5_context_T20_20251102_144124.json,24,unknown,1,1,0,0.0,0.0,0.0,1.0,0,0,0,0,0,0,0,0,0,0,0,0,0,0,0,0
emotion,claude-sonnet-4_5_vs_claude-sonnet-4_5_context_T20_20251102_144124.json,25,unknown,1,1,0,0.0,0.0,0.0,1.0,0,0,0,0,0,0,0,0,0,0,0,0,0,0,0,0
emotion,claude-sonnet-4_5_vs_claude-sonnet-4_5_context_T20_20251102_144124.json,26,unknown,1,1,0,0.0,0.0,0.0,1.0,0,0,0,0,0,0,0,0,0,0,0,0,0,0,0,0
emotion,claude-sonnet-4_5_vs_claude-sonnet-4_5_context_T20_20251102_144124.json,27,unknown,1,1,0,0.0,0.0,0.0,1.0,0,0,0,0,0,0,0,0,0,0,0,0,0,0,0,0
emotion,claude-sonnet-4_5_vs_claude-sonnet-4_5_context_T20_20251102_144124.json,28,unknown,1,1,0,0.0,0.0,0.0,1.0,0,0,0,0,0,0,0,0,0,0,0,0,0,0,0,0
emotion,claude-sonnet-4_5_vs_claude-sonnet-4_5_context_T20_20251102_144124.json,29,unknown,1,1,0,0.0,0.0,0.0,1.0,0,0,0,0,0,0,0,0,0,0,0,0,0,0,0,0
emotion,claude-sonnet-4_5_vs_claude-sonnet-4_5_context_T20_20251102_144124.json,30,unknown,1,1,0,0.0,0.0,0.0,1.0,0,0,0,0,0,0,0,0,0,0,0,0,0,0,0,0
emotion,claude-sonnet-4_5_vs_claude-sonnet-4_5_context_T20_20251102_144124.json,31,unknown,1,1,0,0.0,0.0,0.0,1.0,0,0,0,0,0,0,0,0,0,0,0,0,0,0,0,0
emotion,claude-sonnet-4_5_vs_claude-sonnet-4_5_context_T20_20251102_144124.json,32,unknown,1,1,0,0.0,0.0,0.0,1.0,0,0,0,0,0,0,0,0,0,0,0,0,0,0,0,0
emotion,claude-sonnet-4_5_vs_claude-sonnet-4_5_context_T20_20251102_144124.json,33,unknown,1,1,0,0.0,0.0,0.0,1.0,0,0,0,0,0,0,0,0,0,0,0,0,0,0,0,0
emotion,claude-sonnet-4_5_vs_claude-sonnet-4_5_context_T20_20251102_144124.json,34,unknown,1,1,0,0.0,0.0,0.0,1.0,0,0,0,0,0,0,0,0,0,0,0,0,0,0,0,0
emotion,claude-sonnet-4_5_vs_claude-sonnet-4_5_context_T20_20251102_144124.json,35,unknown,1,1,0,0.0,0.0,0.0,1.0,0,0,0,0,0,0,0,0,0,0,0,0,0,0,0,0
emotion,claude-sonnet-4_5_vs_claude-sonnet-4_5_context_T20_20251102_144124.json,36,unknown,1,1,0,0.0,0.0,0.0,1.0,0,0,0,0,0,0,0,0,0,0,0,0,0,0,0,0
emotion,claude-sonnet-4_5_vs_claude-sonnet-4_5_context_T20_20251102_144124.json,37,unknown,1,1,0,0.0,0.0,0.0,1.0,0,0,0,0,0,0,0,0,0,0,0,0,0,0,0,0
emotion,claude-sonnet-4_5_vs_claude-sonnet-4_5_context_T20_20251102_144124.json,38,unknown,1,1,0,0.0,0.0,0.0,1.0,0,0,0,0,0,0,0,0,0,0,0,0,0,0,0,0
emotion,claude-sonnet-4_5_vs_claude-sonnet-4_5_context_T20_20251102_144124.json,39,unknown,1,1,0,0.0,0.0,0.0,1.0,0,0,0,0,0,0,0,0,0,0,0,0,0,0,0,0
emotion,claude-sonnet-4_5_vs_claude-sonnet-4_5_context_T20_20251102_144124.json,40,unknown,1,1,0,0.0,0.0,0.0,1.0,0,0,0,0,0,0,0,0,0,0,0,0,0,0,0,0
philosophy,claude-sonnet-4_5_vs_claude-sonnet-4_5_context_T20_20251102_140847.json,1,unknown,1490,229,6,2.6200873362445414,0.0,1.0,0.0,0,0,2,1,2,1,0,0,0,0,0,0,0,0,0,0
philosophy,claude-sonnet-4_5_vs_claude-sonnet-4_5_context_T20_20251102_140847.json,2,unknown,1623,247,5,2.0242914979757085,1.214574898785425,0.4992081679821125,0.5007918320178875,0,0,2,2,1,0,0,0,0,0,0,0,0,0,0,0
philosophy,claude-sonnet-4_5_vs_claude-sonnet-4_5_context_T20_20251102_140847.json,3,unknown,1717,274,5,1.824817518248175,1.094890510948905,0.30501025835115364,0.6949897416488464,0,0,2,1,1,0,0,0,0,1,0,0,0,0,0,0
philosophy,claude-sonnet-4_5_vs_claude-sonnet-4_5_context_T20_20251102_140847.json,4,unknown,1675,257,5,1.9455252918287937,1.556420233463035,0.19474876667225222,0.8052512333277477,1,1,0,0,1,1,0,0,0,1,0,0,0,0,0,0
philosophy,claude-sonnet-4_5_vs_claude-sonnet-4_5_context_T20_20251102_140847.json,5,unknown,1768,263,7,2.6615969581749046,3.041825095057034,0.20649602770723952,0.7935039722927605,0,0,1,1,2,1,0,0,0,2,0,0,0,0,0,0
philosophy,claude-sonnet-4_5_vs_claude-sonnet-4_5_context_T20_20251102_140847.json,6,unknown,1835,275,4,1.4545454545454546,1.090909090909091,0.10910347830384942,0.8908965216961506,1,1,0,0,1,0,0,0,0,1,0,0,0,0,0,0
philosophy,claude-sonnet-4_5_vs_claude-sonnet-4_5_context_T20_20251102_140847.json,7,unknown,1757,265,9,3.3962264150943398,1.1320754716981132,0.1593580578480756,0.8406419421519244,1,1,1,1,3,0,0,0,0,2,0,0,0,0,0,0
philosophy,claude-sonnet-4_5_vs_claude-sonnet-4_5_context_T20_20251102_140847.json,8,unknown,1669,255,5,1.9607843137254901,0.7843137254901961,0.10864308448467054,0.8913569155153295,2,1,0,0,2,0,0,0,0,0,0,0,0,0,0,0
philosophy,claude-sonnet-4_5_vs_claude-sonnet-4_5_context_T20_20251102_140847.json,9,unknown,1625,249,7,2.8112449799196786,0.8032128514056224,0.12127433295003506,0.8787256670499649,2,0,0,0,4,1,0,0,0,0,0,0,0,0,0,0
philosophy,claude-sonnet-4_5_vs_claude-sonnet-4_5_context_T20_20251102_140847.json,10,unknown,1609,266,3,1.1278195488721803,1.1278195488721803,0.17540204506165155,0.8245979549383484,0,0,0,0,3,0,0,0,0,0,0,0,0,0,0,0
philosophy,claude-sonnet-4_5_vs_claude-sonnet-4_5_context_T20_20251102_140847.json,11,unknown,1485,241,7,2.904564315352697,1.2448132780082988,0.15975148517378043,0.8402485148262195,0,0,0,0,5,2,0,0,0,0,0,0,0,0,0,0
philosophy,claude-sonnet-4_5_vs_claude-sonnet-4_5_context_T20_20251102_140847.json,12,unknown,1626,262,5,1.9083969465648856,1.5267175572519083,0.14690750985256035,0.8530924901474397,1,1,0,0,3,0,0,0,0,0,0,0,0,0,0,0
philosophy,claude-sonnet-4_5_vs_claude-sonnet-4_5_context_T20_20251102_140847.json,13,unknown,1555,263,1,0.38022813688212925,0.38022813688212925,0.11105308856931406,0.8889469114306859,0,0,0,0,1,0,0,0,0,0,0,0,0,0,0,0
philosophy,claude-sonnet-4_5_vs_claude-sonnet-4_5_context_T20_20251102_140847.json,14,unknown,1616,260,6,2.307692307692308,0.38461538461538464,0.09201316522806512,0.9079868347719349,2,2,0,0,2,0,0,0,0,0,0,0,0,0,0,0
philosophy,claude-sonnet-4_5_vs_claude-sonnet-4_5_context_T20_20251102_140847.json,15,unknown,1423,237,1,0.42194092827004215,0.0,0.1700423667889058,0.8299576332110942,0,0,0,0,1,0,0,0,0,0,0,0,0,0,0,0
philosophy,claude-sonnet-4_5_vs_claude-sonnet-4_5_context_T20_20251102_140847.json,16,unknown,1329,233,2,0.8583690987124464,0.0,0.06180467906886895,0.938195320931131,0,0,0,0,2,0,0,0,0,0,0,0,0,0,0,0
philosophy,claude-sonnet-4_5_vs_claude-sonnet-4_5_context_T20_20251102_140847.json,17,unknown,1246,219,2,0.91324200913242,0.0,0.05050341507358832,0.9494965849264116,1,0,0,0,1,0,0,0,0,0,0,0,0,0,0,0
philosophy,claude-sonnet-4_5_vs_claude-sonnet-4_5_context_T20_20251102_140847.json,18,unknown,1244,228,0,0.0,0.0,0.12079500553140503,0.879204994468595,0,0,0,0,0,0,0,0,0,0,0,0,0,0,0,0
philosophy,claude-sonnet-4_5_vs_claude-sonnet-4_5_context_T20_20251102_140847.json,19,unknown,171,32,0,0.0,0.0,0.0,1.0,0,0,0,0,0,0,0,0,0,0,0,0,0,0,0,0
philosophy,claude-sonnet-4_5_vs_claude-sonnet-4_5_context_T20_20251102_140847.json,20,unknown,218,34,0,0.0,0.0,0.01788744789731842,0.9821125521026816,0,0,0,0,0,0,0,0,0,0,0,0,0,0,0,0
philosophy,claude-sonnet-4_5_vs_claude-sonnet-4_5_context_T20_20251102_140847.json,21,unknown,97,17,0,0.0,0.0,0.0,1.0,0,0,0,0,0,0,0,0,0,0,0,0,0,0,0,0
philosophy,claude-sonnet-4_5_vs_claude-sonnet-4_5_context_T20_20251102_140847.json,22,unknown,46,7,0,0.0,0.0,0.0,1.0,0,0,0,0,0,0,0,0,0,0,0,0,0,0,0,0
philosophy,claude-sonnet-4_5_vs_claude-sonnet-4_5_context_T20_20251102_140847.json,23,unknown,11,2,0,0.0,0.0,0.0,1.0,0,0,0,0,0,0,0,0,0,0,0,0,0,0,0,0
philosophy,claude-sonnet-4_5_vs_claude-sonnet-4_5_context_T20_20251102_140847.json,24,unknown,11,2,0,0.0,0.0,0.0,1.0,0,0,0,0,0,0,0,0,0,0,0,0,0,0,0,0
philosophy,claude-sonnet-4_5_vs_claude-sonnet-4_5_context_T20_20251102_140847.json,25,unknown,11,2,0,0.0,0.0,0.0,1.0,0,0,0,0,0,0,0,0,0,0,0,0,0,0,0,0
philosophy,claude-sonnet-4_5_vs_claude-sonnet-4_5_context_T20_20251102_140847.json,26,unknown,347,64,0,0.0,0.0,0.033600872382182935,0.9663991276178171,0,0,0,0,0,0,0,0,0,0,0,0,0,0,0,0
philosophy,claude-sonnet-4_5_vs_claude-sonnet-4_5_context_T20_20251102_140847.json,27,unknown,129,23,0,0.0,0.0,0.04332279612440254,0.9566772038755975,0,0,0,0,0,0,0,0,0,0,0,0,0,0,0,0
philosophy,claude-sonnet-4_5_vs_claude-sonnet-4_5_context_T20_20251102_140847.json,28,unknown,1,1,0,0.0,0.0,0.0,1.0,0,0,0,0,0,0,0,0,0,0,0,0,0,0,0,0
philosophy,claude-sonnet-4_5_vs_claude-sonnet-4_5_context_T20_20251102_140847.json,29,unknown,1,1,0,0.0,0.0,0.0,1.0,0,0,0,0,0,0,0,0,0,0,0,0,0,0,0,0
philosophy,claude-sonnet-4_5_vs_claude-sonnet-4_5_context_T20_20251102_140847.json,30,unknown,292,49,0,0.0,0.0,0.007816073107091776,0.9921839268929082,0,0,0,0,0,0,0,0,0,0,0,0,0,0,0,0
philosophy,claude-sonnet-4_5_vs_claude-sonnet-4_5_context_T20_20251102_140847.json,31,unknown,137,23,0,0.0,0.0,0.036364005141231136,0.9636359948587688,0,0,0,0,0,0,0,0,0,0,0,0,0,0,0,0
philosophy,claude-sonnet-4_5_vs_claude-sonnet-4_5_context_T20_20251102_140847.json,32,unknown,1,1,0,0.0,0.0,0.0,1.0,0,0,0,0,0,0,0,0,0,0,0,0,0,0,0,0
philosophy,claude-sonnet-4_5_vs_claude-sonnet-4_5_context_T20_20251102_140847.json,33,unknown,168,33,0,0.0,0.0,0.07489947531618583,0.9251005246838142,0,0,0,0,0,0,0,0,0,0,0,0,0,0,0,0
philosophy,claude-sonnet-4_5_vs_claude-sonnet-4_5_context_T20_20251102_140847.json,34,unknown,13,3,0,0.0,0.0,0.0,1.0,0,0,0,0,0,0,0,0,0,0,0,0,0,0,0,0
philosophy,claude-sonnet-4_5_vs_claude-sonnet-4_5_context_T20_20251102_140847.json,35,unknown,1,1,0,0.0,0.0,0.0,1.0,0,0,0,0,0,0,0,0,0,0,0,0,0,0,0,0
philosophy,claude-sonnet-4_5_vs_claude-sonnet-4_5_context_T20_20251102_140847.json,36,unknown,174,33,0,0.0,0.0,0.0,1.0,0,0,0,0,0,0,0,0,0,0,0,0,0,0,0,0
philosophy,claude-sonnet-4_5_vs_claude-sonnet-4_5_context_T20_20251102_140847.json,37,unknown,55,9,0,0.0,0.0,0.04744616227394107,0.952553837726059,0,0,0,0,0,0,0,0,0,0,0,0,0,0,0,0
philosophy,claude-sonnet-4_5_vs_claude-sonnet-4_5_context_T20_20251102_140847.json,38,unknown,1,1,0,0.0,0.0,0.0,1.0,0,0,0,0,0,0,0,0,0,0,0,0,0,0,0,0
philosophy,claude-sonnet-4_5_vs_claude-sonnet-4_5_context_T20_20251102_140847.json,39,unknown,1,1,0,0.0,0.0,0.0,1.0,0,0,0,0,0,0,0,0,0,0,0,0,0,0,0,0
philosophy,claude-sonnet-4_5_vs_claude-sonnet-4_5_context_T20_20251102_140847.json,40,unknown,268,45,0,0.0,0.0,0.0,1.0,0,0,0,0,0,0,0,0,0,0,0,0,0,0,0,0
